model,gpu_freq,inference_time,power
EfficientNet.tflite,315000000,21.2653,2048.24985138378 1814.183428385861 2437.9071868886112 1921.5075564563356 1774.3928052592657 2025.440439514863
EfficientNet.tflite,379000000,13.9164,2567.747740567411 2367.3062393228665 2563.654301858824 2355.548675244784
EfficientNet.tflite,443000000,12.035,2687.2152374193456 2685.2323613427907 2785.093959606287 1679.9210339170127
EfficientNet.tflite,491000000,11.2167,2742.067238767318 2642.52185148829 2777.306820630915 1102.7897384541468
EfficientNet.tflite,540000000,10.7317,2945.3932446259773 2754.5059460292814 2928.6342572167555
EfficientNet.tflite,608000000,10.1714,3141.5674014169413 3027.888649945478 3132.320882464862
EfficientNet.tflite,676000000,8.45601,4348.773625778697 4189.779320852085 1444.733265842296
EfficientNet.tflite,738000000,7.98122,4864.295261102655 4652.1877269124125 1331.37275479112
EfficientNet.tflite,778000000,7.70161,5175.747595697376 5255.31269364559 1506.099275463388
EfficientNet.tflite,840000000,7.4143,5489.485535569542 5537.074559310359 1268.1537711447434
Squeezenet.tflite,315000000,27.4025,2071.6054803477273 2006.302796334284 1785.1791435549687 1792.5745602987547 2062.117801543842 1897.4584011125512 1977.073106177487 2799.577289750663
Squeezenet.tflite,379000000,19.1868,2582.654612381109 2331.1449734096104 2526.6168401886075 2322.305567542462 2333.1915620528325 1559.140593090671
Squeezenet.tflite,443000000,16.4585,2632.5558483378486 2499.3892901652143 2671.950824239402 2582.183165190434 2480.5962254237584
Squeezenet.tflite,491000000,15.4819,2725.3075043464796 2578.1183876921896 2778.981222817079 2614.2235373391445 1468.9820220222737
Squeezenet.tflite,540000000,14.5638,2761.1688291853666 2698.8699448086 2758.8555544287638 2751.50686272513 1261.299920423985
Squeezenet.tflite,608000000,13.583,3237.858963943614 3224.504858769675 3252.5616997060856 3051.3859425889964
Squeezenet.tflite,676000000,11.555,4133.289526692756 4042.5972185268083 4163.611733600178 1689.1264897154188
Squeezenet.tflite,738000000,10.7391,4658.898395868939 4504.727990156041 4677.826757095707 1133.2765965816402
Squeezenet.tflite,778000000,10.4792,5048.298976625207 4878.584862339933 4926.570108028415
Squeezenet.tflite,840000000,9.88089,5705.803599861214 5602.720726579726 4598.279685723735
densenet.tflite,315000000,193.753,1778.4285992300508 1631.3237860597924 1594.1471592949244 1608.8314241171438 1618.639286840948 1616.4298735680393 1811.230154892649 1776.7557449545832 1628.0492822655788 2040.546655890958 1670.3970724694948 1731.2010300639374 1831.1131060145185 1612.9649371850926 1708.9645346124832 1666.897581116046 2674.330917479676 2377.187673101465 1614.1574206162768 1845.6471119466553 1609.9301220464365 1620.256168551832 1615.729626579335 1646.0324692074284 1605.7124187969778 1841.413940660589 1906.1118350767106 1617.010412312688 1826.5306706470224 1621.8397560727667 1669.0015258655653 1644.8795286409268 1608.0150870454786 1584.5718108014155 1600.8906519482966 1639.013807507495 1591.6127192629515 1621.3686743265134 1659.021790508631 2063.1761267324273 1587.3659208844545 2229.3696282152814 1664.320918384503 1727.8022467705985 1749.8200217942926 1641.4842882440414 1613.4945889250341 1734.6204683246299 1607.2085339022826 1604.3485645826195 1928.2302502558196 1794.98145963471 1598.1015563686756
densenet.tflite,379000000,137.437,2024.1206481061379 2224.6819515439306 1879.8387810730835 1954.3206994877671 2057.5023043152496 1884.3840789061733 2141.643374458632 2073.594793252368 1932.0890727859926 2290.0664741275623 2087.7112984689215 2162.0972599415995 1986.7112101285113 2354.0528487185634 2245.2467592290686 1934.9776752201783 2126.791306308815 1959.7199217752532 2276.1786991078093 2433.994528389717 2175.3594798701206 1900.3270791722691 2061.955860356167 2339.900293753393 1910.392507782861 2066.1357295967064 1941.2615726204215 1983.6939554264716 2053.9898767749596 1926.9452766789286 1942.9449278276006 2185.539782418147 1876.8922588820976 1981.0387643794784 2040.3662124453633 1999.5608311661513 1989.668396242917 1980.1305344572013
densenet.tflite,443000000,121.836,2071.455922162892 2017.955625312144 2202.448128920916 1969.6051129524535 2008.6901556596283 2061.42687497838 2038.2137513277703 2031.2747107554674 2095.73274105761 2060.76715156974 2026.9040933533959 2018.7588450153708 2019.2621502451302 2188.438612867004 2755.1324370094803 2144.227261277734 2055.40345789988 2098.667686339824 2048.6070983757427 2029.55752804576 2056.9600118770636 2063.7996742649007 2242.59666482317 2094.1314322342087 2081.266196540176 2262.4161983310937 2037.3852486820756 2162.29240394815 2054.6796586176824 2699.3441060281175 2756.64044368697 2302.070693718141 2333.085804699326 1303.625797368429
densenet.tflite,491000000,115.383,2111.995052675181 2099.3097091811296 2151.5237130736477 2217.531514121389 2162.7326615862526 2192.3295200927537 2171.266778667063 2141.395395326824 2113.544427066273 2457.882579857865 2195.020941793258 2206.3530605082688 2103.8716513123823 2126.762619637634 2148.6420054421264 2323.021301835801 2167.6368289694014 2050.925354915804 2221.37931037379 2191.8557737836622 2175.6150485819635 2335.7221028576105 2115.299416542065 2163.2287922257146 2289.121604977298 2281.571057122348 2208.4473675310005 2287.501158430034 2062.749460940933 2135.5062174902573 2280.2799756967524 1907.9803090362668 1279.5213489680186
densenet.tflite,540000000,109.876,2382.541186538985 2137.081016116654 2474.129080701177 2390.3357000509263 2167.855215568197 2295.9670587516566 2476.050196604296 2164.42428657101 2226.198978671405 2309.505526072181 2346.114909271039 2211.1274511213423 2339.205078551684 2249.5897929298335 2330.330251392879 2376.2018616027044 2163.3832625694617 2233.2757218211923 2443.4710575539816 2395.8339530895187 2232.611663542314 2381.3529465214815 2281.653191623927 2235.5321736315823 2291.94948497198 2204.751327148719 2221.725772162121 2155.090064946263 2365.1796133175258 2257.0077519521637
densenet.tflite,608000000,102.08,2564.982284626262 2451.275417504879 2401.180707891605 2423.4459662261643 2581.7584495483807 2446.3285729617583 2407.0129375504957 2456.733474027925 2424.972182045275 2409.174309712144 2541.994931026112 2441.1840925734614 2426.4260073099986 2629.5543188046895 2460.1843860550885 2565.9780003900737 2406.633569759564 3610.0746376669763 3616.2696410210747 2765.5485373445513 2621.356007075126 2468.3171891915936 2500.63559203081 2436.3224466309443 2447.5784990673314 2461.196460282035 2382.64492718336 3054.941082880736
densenet.tflite,676000000,82.5115,3303.470195300593 3395.792180884744 3627.9993761602564 3341.3333082998633 3235.0888690586 3362.349187373834 3300.0178093297595 3400.9186334890237 3599.2604741324553 3183.555662731297 3355.8821515013865 3252.4279295164506 3348.4956563593437 3157.548612496672 3323.4023307279504 3212.496975590991 3267.418124996089 3294.2525449221666 3252.744113933011 3358.5099320487934 3178.9131782470167 3442.3155093681276 2657.775656803338
densenet.tflite,738000000,76.8791,3623.930228824876 3532.8215974255654 3891.2491603312224 3689.3944545161658 3930.358573286639 3504.1747364613643 3734.335871957824 3827.2417002231064 3614.138083877769 3713.228872163232 3868.1162379074294 4041.5329947415194 3931.9304068200554 3519.995234205705 3598.15916275247 4013.145629386554 3709.303154762794 3647.81461015668 3483.6977060607705 3768.5503625192428 3783.727057616282 1275.0633018231774
densenet.tflite,778000000,74.8286,4136.326632976436 3938.275221140964 4356.934425390782 3956.776228044123 3908.241162628223 3929.755347065776 3880.3211471644117 4107.899692497128 3994.3503466998545 4084.9091965870102 4080.119553619214 4070.8237241295083 4002.689145570326 3969.3451181975506 4016.22711187669 3983.204458455324 3901.851877251185 3858.543129151647 3827.7800960133745 3895.0384173858342 2381.516168671141
densenet.tflite,840000000,71.686,4763.090605429838 4742.67795069416 4601.07719679884 4660.849689106678 4598.64394004459 4113.290989538419 4552.254866221215 4451.617924876779 4379.485134092577 4448.49675973378 4590.621469036991 4371.1293329075315 4194.000142022966 4628.0014575429 4414.593189911397 4363.098945702796 4556.187910623789 4469.583608166493 4486.25635085801 3336.9142224270236
inception_v1.tflite,315000000,46.6473,1825.0631076348943 1840.3982104415504 2101.7625263040272 2360.8662919758885 2296.0132341479894 2122.5394633761634 1943.2264695664787 2037.3984533196094 1834.258258119814 2071.2161188232435 1790.994762856605 1789.8646684135756 1994.886781804552
inception_v1.tflite,379000000,34.9347,2648.4721330577418 2435.737704891026 2281.5331555119446 2357.3623823999646 2372.839792279684 2284.227088249417 2267.2771785728614 2473.669751194193 2250.7675741369753 2201.441933348073
inception_v1.tflite,443000000,30.4559,2473.8034588028104 2503.0325512990953 2429.610596982565 2405.774319641018 2437.870759506773 2390.419184804826 2458.5786236315626 2480.8444412714416 1864.0548387305805
inception_v1.tflite,491000000,27.9187,2668.343369762258 2666.8249685815836 2518.22200641829 2578.435754915489 2732.1817266516873 3375.523876738334 2522.943362793043 2607.0016029388257
inception_v1.tflite,540000000,26.4526,2997.949654062383 2809.9365863977914 2643.9188969711568 2651.810804316051 2771.6408345534414 2647.5316838308227 2629.302325395467 1594.6654972813174
inception_v1.tflite,608000000,24.1343,3095.3745402076656 2995.9085478301477 2945.0524394821036 3169.239552065418 3127.665572695705 3029.512106474579 3007.6367506086613
inception_v1.tflite,676000000,20.6688,4055.141033218739 4008.8233093093922 4004.930811828418 4131.549752628398 3920.959893104438 4098.328675462851
inception_v1.tflite,738000000,19.1724,4631.767504090857 4621.537336243325 4806.113026914386 4726.099866096421 4933.0787859922875 2406.8332146733796
inception_v1.tflite,778000000,18.4415,5035.964808034038 4902.577129850365 4997.9032535445 4904.908231039914 4941.227320472643
inception_v1.tflite,840000000,17.586,5974.540235699146 5638.468325264676 5739.49927941441 5618.5844398048175 5598.18235562074
inception_v2.tflite,315000000,66.222,2184.8825116737057 2199.262602158468 2184.8061607382574 2203.3527250782486 2192.8088073445683 2125.4260197076887 2372.490224755892 2174.0227291093365 2225.284066666743 2183.3322968366747 2232.8181957892575 2185.911917257177 2227.6112933443096 2258.201330111281 2214.904695444351 2652.4284876181296 2675.5116624425364 2808.5548417745613 1398.7644253952183
inception_v2.tflite,379000000,51.4706,2625.7484749955265 2605.4876887715045 2597.0003346657063 2624.2199775884 2619.441868874476 2580.986437607331 2570.1300681346024 2574.2659349925398 2478.270795812404 2606.442315583039 2516.9773428519275 2538.7877619197625 2466.513118960008 2517.299388300371 1306.255534908746
inception_v2.tflite,443000000,45.7563,2668.36373535021 2773.0595552340847 2648.9282270544413 2669.6615396538277 2731.9454949166916 2636.6314456953237 2650.769905412043 2726.372745405611 2683.4330727237148 2674.0646638214794 3051.398886869168 2646.5551511152303 2524.6455901278036
inception_v2.tflite,491000000,42.4615,2807.439805785945 2745.0932740678945 2809.8013239586735 2820.850919101886 2850.8361521153925 2838.142101925914 2828.3476510472688 2846.247246247698 3648.386600066789 2859.302284855647 3935.6847339967703 2907.752032562877
inception_v2.tflite,540000000,40.132,2927.36917222584 2891.5821586060465 2900.7861822380873 2929.4882755670915 2961.3459202469803 2929.29340978668 2932.1136441098884 2965.193862671733 2990.648334890199 2890.7175717804225 2903.2980347421017
inception_v2.tflite,608000000,37.6726,3182.9012306042973 3182.487279828753 3250.797640152829 3209.938414563581 3189.050411277208 3173.1552069403892 3170.750350710669 3204.802974703457 3054.354080545584 3128.188201521313 1313.500305394929
inception_v2.tflite,676000000,32.0927,4095.9926729107265 4092.6753262082757 4050.0460698079414 4071.7905425507943 4033.853324291512 4048.04515369533 4098.002720791075 4070.653841735265 4107.687068012265
inception_v2.tflite,738000000,30.2419,4593.107762796278 4454.097987684008 4497.158082983234 4498.162207015129 4412.837285374274 4458.310082697019 4537.19482435674 4424.275744766052 2545.3152198586163
inception_v2.tflite,778000000,29.1809,4874.271801288036 4773.085634276154 4781.163223319736 4707.845992903848 5566.840219898378 4912.203513922673 4753.743976558913 4785.678291832035
inception_v2.tflite,840000000,27.9883,5340.045842758991 5296.78126127024 5250.919791518147 5164.167698691518 5279.003247434308 5401.56089840307 5441.947759486693 4171.726182715205
inception_v3.tflite,315000000,143.167,1996.243396294433 1972.733199922433 2011.591647667217 1969.124167652899 1944.7518835690294 2005.5903210776598 1921.8169647813577 2003.4968636487015 2079.056840113629 2168.365078329148 2225.76521467409 2087.992512664021 1988.171903272709 2002.7822717862248 1978.3258497556567 2001.1080579485615 2100.981833443201 1923.4790351491888 2599.628574563621 2258.821006056054 1913.3037470033319 1947.8489648782315 2093.2481707019224 2015.6140384810658 1954.6098271728263 2092.9869740345976 2009.5476017738342 1953.166548643013 2067.6404477470383 1929.5418884521039 2140.7356056293233 2067.5548659970486 1961.7824967461368 1997.8863187876545 2094.0999267139364 2128.9306773426238 1941.3242353914707 2782.686247368153 2517.65458178177
inception_v3.tflite,379000000,104.488,2459.307101271734 2433.3690164770287 2427.9717194845402 2518.397035831155 2586.6605284398543 2501.683116586457 2544.262533373324 2471.8820361323633 2427.25592444445 2581.5128721997207 2613.1067464651774 3037.9542440511655 2646.4350224420973 2599.4260403643148 2639.4926827062163 2698.0935163034183 2588.6278702203394 2439.9141431781686 2709.747122049461 2504.1867136147866 3433.6397001225023 2577.2507107923425 2446.7651597940744 2434.6487497153307 2627.6222076949666 2654.293847969789 2492.498716694359 2553.1476052769676 2064.472292181562
inception_v3.tflite,443000000,89.9841,3038.1293604261878 2971.422354637532 2644.065593527681 2638.612854350958 2876.3046021465866 2647.2523704493606 2687.052303305517 2690.6986879542505 2669.4870335587207 2895.7858321328877 2740.552051570214 2656.940378042745 2661.131251072862 3016.174283625464 2647.72938532479 3005.4786983570493 2759.659025147965 2640.0887585980845 2637.261617590724 2790.292149830104 2707.4411219379654 2669.0777514664874 2792.073754069986 2702.8608278903093 2472.7796938283645
inception_v3.tflite,491000000,83.4952,3096.1176251651364 2846.0063318432326 2772.6935282367826 2773.3810816202017 3075.0307927518465 2849.140018990047 2758.047328562828 2861.461939865529 2802.836600180893 2785.7402799437295 2911.5935266444385 3049.344357289063 2744.9223480979676 3021.0649309508635 2752.117691450239 2779.05261584938 2892.207703040958 2751.1792588868607 3629.5099967026235 2904.749082455569 2778.6757081560963 2939.6557223956647 2831.636841186213
inception_v3.tflite,540000000,77.4309,3185.337972380755 2967.930069945516 2939.7158502679395 3316.738301418383 3029.4917625557955 3046.38813672453 2935.457696905306 3051.993951045944 3097.147106280862 3776.2807231955735 3461.1041748184803 3537.0518303159147 3411.6022565658336 3130.815721258016 3066.559700513925 2973.833845372054 2994.025445838033 2990.6934297484313 3009.5910055011577 3101.1002091217906 3119.1364272755422
inception_v3.tflite,608000000,71.4274,3474.6724581124517 3473.228914395245 3385.2508144791295 3379.3523257257075 3311.1364377697682 3374.0600171309807 3370.029690339656 3582.985419937576 3383.7734143623516 3388.4217298088674 3355.5961678301674 3340.540613308373 3407.7643419985156 3378.6705440696287 3394.686469831579 3416.2493920081533 3352.6309077606834 3378.2586329684345 3347.019001849377 2386.291958867405
inception_v3.tflite,676000000,60.3333,4797.608010721032 4543.636745150398 4593.606315871719 4648.2345294673705 4487.083524199941 4464.620078275651 4628.819341785948 4567.668536831051 4508.829460803293 4537.63927076169 4573.544707311275 4582.217920554827 4513.223333120447 4470.29439339545 4614.470723772272 4534.284517019306 3335.645474756005
inception_v3.tflite,738000000,55.0465,5532.682581652093 5631.7408112237745 5350.474878401911 5322.91716652819 5304.677769894312 5322.756173632805 5276.368346943223 5372.820521245045 5309.404658216922 6557.464356168983 5454.270711752603 5373.1119045777505 5629.496957265765 5573.31498626284 5488.287233093611 1291.7202065430813
inception_v3.tflite,778000000,53.3017,6021.05548751087 5886.272336203422 5865.716920446616 5910.706916786429 5863.790788181798 5924.510738993278 5990.976657654875 5945.231540727182 5923.709138465219 5976.758172307021 5900.4943432868085 6071.553439011145 6029.110503596636 5918.782188813496 4908.579297816194
inception_v3.tflite,840000000,50.4005,6914.7481203226935 6802.018731885171 7075.187107388494 6872.250029166005 6803.611260337838 6854.703006079661 6934.483354951991 6778.254926893311 7195.021228987068 7017.971336811133 6831.929940080109 6913.589300188298 7004.360169264555 6901.97497873121
inception_v4.tflite,315000000,278.291,2189.739021376453 1992.458245252122 2023.0869008006787 2258.678893777413 1996.0194454365922 2070.652650443998 2061.9801495168285 2377.9390270053227 2077.5718068382134 2319.31405403119 2332.625782027511 2010.9218054159232 2229.4619177670634 2058.2087997611043 1983.651248066457 2214.690270682554 2317.0002008066617 2006.7935706987812 2252.2673864786016 3402.1602691003086 2338.308702494142 2484.22111986849 2086.274884819715 2149.8707662040174 2299.1573491735844 2050.884747449104 2021.4011254177078 2164.3335217546755 2032.162986332084 2115.163312327294 2152.813689459516 2086.1764755992162 2415.6533676592985 2154.375258077923 2035.5106567612763 2032.4422913639653 2160.665536687239 2032.260684923816 3036.6529625255803 2124.7504352387223 2055.0638099678245 2019.4831681205824 2119.3269619571006 2191.461603279086 2044.4261469845592 2150.5412143618273 2491.6888104575555 2045.9287355235103 2103.9525637607803 2431.6132108303414 2041.9062399167333 2120.915378353765 2117.8703358108205 2038.28724734462 4197.360501991139 2072.3736186130463 2079.3626740359227 2190.4755697966216 2021.339329714498 2049.392237052386 2559.4600709370884 2028.6580167067498 2064.0722533720073 2034.0756011835806 1999.552721664291 2157.417438107958 2134.003534738315 2002.5121524096135 2061.576918229068 2021.9063533309902 2004.7998236600831 2179.1714279364146 2135.845779263421 1993.1680953226364 2022.33613448158 2028.8446244705215
inception_v4.tflite,379000000,202.757,2826.159204097265 2793.118617050569 2630.724298844844 2585.000175102134 2786.2430317953313 2659.996153851204 2710.3946637862623 2739.7879493691516 2665.6157545480683 2613.182762459708 2731.304181996705 2577.695923315382 2719.355968716691 2723.628665015372 2702.34150945474 2569.3546874032886 2707.329967831647 2597.8186686160307 2882.0833334412905 3344.323079813268 2984.037823076721 2844.2588370976023 2692.2585234660282 2674.831868616429 2571.8442329351033 2653.0130083255112 2578.290514365402 2619.3399081389393 2937.7638289128854 2706.0908720396937 2789.509022239363 2635.995972793867 2711.3506969902255 2891.7526857888365 2620.5189020620583 2598.4087023317484 2829.5110688468253 2712.9451840508304 2560.4508935604954 2575.0005920241656 2689.7550542919935 2716.63203217702 2645.6195696994296 2674.3190952156324 2585.7292680555156 2564.7251666784355 2711.0044242738054 2583.99757786046 2569.5763269566405 3888.048723637393 2901.718784075962 2840.66647169564 2895.8355703205457 2562.8131658911993 2590.668776488937 1254.8842122165522
inception_v4.tflite,443000000,175.275,2954.0528826505106 2850.098319489421 2911.7612354241196 2931.689128961919 2900.8591502238005 2804.7926480360784 2782.508939738876 2797.562877789335 2741.676621361477 2770.9270672054654 3034.7730259297555 2843.343909934304 2806.625762405969 2811.3928485696724 2798.520521743765 3024.2067730128556 2820.3726020198055 2789.0585483323694 2856.6945049854307 2786.2350850941493 2759.9920731263533 3238.0488239218607 2952.3758660810227 2817.475516570542 2935.4004938194903 2791.98409806716 2805.8555381591236 2932.8872778945292 2816.6615819950284 2843.5083181461578 2878.3124246022817 2777.8313271889283 3363.57221229403 2942.897533732406 2822.412203413399 3008.213762947501 2960.43560683373 2801.271476282392 2794.301979810703 2891.9764596415243 2777.3963263051314 2787.656228770783 2945.119223764248 3212.6863377196637 2840.15495238191 2870.82628120147 3665.3186750970244 3550.19211538373
inception_v4.tflite,491000000,161.165,3114.7678032397716 2997.352964627626 3071.875413397312 3102.5854188448907 2950.909383379275 2960.4243877261397 2926.7765557469406 2996.335005211909 2945.7656907854225 2919.4849433012055 2984.1190159885864 3018.0931434764075 3014.2735053835413 2998.260914470135 3164.069642706775 2961.8457882235894 3195.562881244068 2907.6878570111817 2972.2718323726676 2940.696996797962 3010.295015007766 4077.4372374939503 3013.3591882511246 2946.843786806198 2907.6054424319523 3076.471243038674 3105.635470203707 2919.3632866499884 3090.7571200014027 3082.5597611418307 2937.8939509134466 3200.598303711167 3389.51505468924 3657.0533688221703 3336.2996471824795 3308.892271268152 2969.286051571346 3081.2340420584155 3123.145905029132 3015.534073601349 3241.9743113739373 3452.8096694269443 2912.3096869107267 3322.4003645849625 1135.9954439411479
inception_v4.tflite,540000000,151.528,3281.635302735906 3398.7260870329374 3148.950260712099 3148.384143358407 3072.217820067743 3450.1898187799343 3111.3547183752084 3168.1672361142696 3128.405589456042 3126.367797636742 3126.103347969842 3093.333208305817 3143.561320771753 3218.3470890636045 3172.8766277606833 3216.4042353525774 3449.5091753819183 3114.991470403318 3111.715940794199 3272.046779798747 3081.658101662726 3669.328877778236 3138.931268597456 3168.613910431848 3127.401030294047 3224.757007854606 3204.792356927294 3174.185816198688 3256.785860908675 3218.8387763440082 3482.773315772015 3229.0576008513335 3090.4652170184427 3152.9224791805354 3126.056966228216 3156.996777354752 3166.67407517392 3274.3899390678735 3151.9260661185626 3123.023691592099 3507.91601936858 2100.7521778312107
inception_v4.tflite,608000000,137.516,3681.521186745751 3649.7589739768327 3625.146117648348 3598.5756701356227 3803.9788278797423 3600.51005090618 3538.3958546520785 3623.3150872564192 3593.1857617153073 3540.1851283390642 3646.0047565302943 3569.9665266900347 3527.0170393530007 3662.150537990009 3634.02868961039 3648.9071267899003 3782.595816571646 3706.8652781966625 3582.542927999533 3616.3487958020946 3720.0240399044574 3549.953643552959 3620.4440488376667 3756.1203475519505 3646.782040361551 4635.33533310659 3795.8872436347915 3552.876764518647 3601.8858456043636 3828.3658081932754 3554.296184839901 3643.6276627249354 3798.573097709855 3660.426952175588 3702.54012164167 3872.1022173307856 3534.702544647251 2376.4759945132064
inception_v4.tflite,676000000,115.832,6671.200528464032 4849.5979922646675 5003.290388833949 4895.6519831425685 4897.0616117163745 4858.90512357523 4933.684080468602 4817.881926057572 4967.5850562228825 4861.769068765911 4943.975605541185 4855.170363199579 4856.5726188529015 5002.581412156667 5145.461367971607 4945.3167966114925 4919.160524886026 5076.963636869171 4799.822079734022 4820.141567794279 4979.719943344413 4893.054337279637 4909.839161787296 4956.885111505351 4832.4358484003 4857.019742909123 5039.125062257712 4949.940646356099 4830.150868174015 5046.616192964384 4853.577308289645 3887.113961359579
inception_v4.tflite,738000000,106.566,5798.345964373073 5837.586033257864 6157.7726172295925 5785.790190737835 5780.737374402042 5709.305092262785 5827.3293204309475 5669.7935454417875 5734.773523464429 5812.7459698605835 5899.970290337659 5705.993198051328 5897.2838107552925 6108.69086770174 5729.370949110278 5934.016300918579 5673.770140129848 5765.892641455018 5865.426888059764 5730.402389998532 5779.308057834188 5835.620709274452 6489.475234116471 5834.690354003723 6150.763183878829 5824.112512330801 5902.504350180812 5857.074498264777 5926.192946775531 1231.0515969372348
inception_v4.tflite,778000000,102.939,6930.30265005279 6358.096893690262 6404.492329479638 6508.11832957927 6332.977766662285 6360.876543206294 6704.1469997976965 6651.129864677824 6513.457925051444 6803.018183364403 6446.547222144679 6352.427346315374 6576.841543004216 6443.042562825085 6397.018445767248 6609.68879599874 6391.50917602182 6698.426194150919 6538.421092616836 6386.351793883515 6436.059358099547 6525.444494084324 6581.230997940857 6464.4366232003695 6644.7673983139075 6436.14818483301 6406.012025515482 6682.425531134256 1232.8179199220474
inception_v4.tflite,840000000,96.9871,7610.47391779249 7623.801054335679 7449.670403598673 7597.425969290989 7704.532758651298 7529.780926122285 7528.467579202043 7557.351122022651 7590.158323397357 7856.608067387736 7561.074247100951 7568.767279745114 7700.795620500521 7606.544932794641 7547.55344186959 7633.541112567292 7655.4496121922 7743.693192452843 7581.879302146699 7608.49527621237 7588.431442561939 7695.292654390296 7805.199519294919 7535.488248665514 7639.280042008406 8240.742993840884 3416.332815187255
mnasnet.tflite,315000000,8.69448,1843.5568198742624 1734.115899425617 2981.759101393197
mnasnet.tflite,379000000,6.62123,2355.8268215217513 2194.768262616723
mnasnet.tflite,443000000,5.95173,2342.7947329818185 2522.930908278848
mnasnet.tflite,491000000,5.53324,2440.0818153778146 2090.6394157275167
mnasnet.tflite,540000000,5.36601,2536.6915256070993 2100.813665022208
mnasnet.tflite,608000000,5.15674,2699.855963946857 2046.004179675102
mnasnet.tflite,676000000,4.21346,3586.2563987747594 1510.6163282963253
mnasnet.tflite,738000000,4.02924,3885.2264150945616 1347.9753160824034
mnasnet.tflite,778000000,3.98992,4091.863413534596 1239.7647805409265
mnasnet.tflite,840000000,3.85689,4412.881255053709 1385.1317440248972
mobilenet_v3.tflite,315000000,8.24181,1683.0886653391226 1667.4006854285183 1360.568833445491
mobilenet_v3.tflite,379000000,5.76327,2205.7711027875043 1837.0501563333055
mobilenet_v3.tflite,443000000,5.28865,2289.047117868754 1839.2865507873182
mobilenet_v3.tflite,491000000,5.12491,2262.6643217993046 1858.1194137444454
mobilenet_v3.tflite,540000000,5.11454,2327.930120846998 1608.76223090529
mobilenet_v3.tflite,608000000,5.38811,2529.6839377779966 1654.8015187154872
mobilenet_v3.tflite,676000000,5.014,2880.1873706614842 2164.774058329164
mobilenet_v3.tflite,738000000,5.13268,2896.635837945804 2251.6088271067442
mobilenet_v3.tflite,778000000,5.0785,3063.0592400344203 2359.4196321607205
mobilenet_v3.tflite,840000000,5.08791,3196.5734076138497 1871.0010955411765
mobilenetv1.tflite,315000000,18.7427,1952.141860755383 2156.6254093415664 2088.54314996867 2084.781253482828 1962.2007644592218 1268.8828170367185
mobilenetv1.tflite,379000000,12.5476,2666.418663157152 2781.56462701009 3329.1605856099122 2096.008573547452
mobilenetv1.tflite,443000000,11.0633,2740.2895305387287 2696.244503697358 2713.903390583084 1185.1752245866069
mobilenetv1.tflite,491000000,10.2971,2921.3382916668756 2790.2446782098164 2604.099173453601
mobilenetv1.tflite,540000000,9.8736,3084.0455626657986 4015.9337588744047 2665.5803348590925
mobilenetv1.tflite,608000000,9.27943,3358.0015045834143 3197.97720851052 2813.062418807751
mobilenetv1.tflite,676000000,7.85231,4571.721092246948 4443.13285588742 1509.6078051387326
mobilenetv1.tflite,738000000,7.41138,4966.2417211369075 5016.352394289146 1230.0722447158669
mobilenetv1.tflite,778000000,7.13324,5531.177412818495 5410.8019882301405 1279.78730257524
mobilenetv1.tflite,840000000,6.81781,6204.308048460808 5689.14423524929
mobilenetv2.tflite,315000000,17.9772,2000.445717161527 1839.8347700738373 1881.6011913567204 1810.3412557907566 1991.3132641828543
mobilenetv2.tflite,379000000,11.419,2512.095290008318 2358.0093692483724 2542.101676985028 1379.1245000751157
mobilenetv2.tflite,443000000,10.0317,2633.789371131389 2497.9051656351335 2445.2851285816587
mobilenetv2.tflite,491000000,9.39288,2713.5572978295972 2761.69099688583 2810.041164784988
mobilenetv2.tflite,540000000,9.23215,2955.442838277588 2691.104866070392 2637.743163151251
mobilenetv2.tflite,608000000,8.51591,3091.950276360381 3116.3173808988145 1969.1514878276791
mobilenetv2.tflite,676000000,6.98939,4236.164106319929 4058.4296104900286
mobilenetv2.tflite,738000000,6.70784,4573.748056893326 4509.428579360541
mobilenetv2.tflite,778000000,6.45972,4812.080498998782 4939.811132550585
mobilenetv2.tflite,840000000,6.35367,5279.565143896705 4650.039854382405
nasnet.tflite,315000000,45.2602,2294.8152864148224 2142.63825192338 2067.7063289348625 2335.5978443402073 2183.921807978415 2193.1840015039447 2234.5167387315137 2176.6558290750486 2172.6182950553257 2182.4485769131684 2164.969618215725 2211.2396510610142 1275.378927358094
nasnet.tflite,379000000,39.2794,2499.7362716121743 2447.7837401264237 2417.8211698854348 2366.6284764660563 2371.5809605476443 2618.9271686393763 2410.754752468242 2568.2512005529898 2468.8238980586825 2371.9165221622375 2516.8336574876594
nasnet.tflite,443000000,39.0269,2521.046803427802 2428.9997183593855 2385.8909270106196 2498.503989790049 2489.9537644327734 2343.3630840921983 2935.8851201908797 2423.9480990828542 2533.1683936540935 2680.8041982296268 2495.8869275597904
nasnet.tflite,491000000,38.0669,2446.29557432901 2593.864819715197 2344.2494199292446 2732.8491500490745 3537.603853929556 2340.006658991097 2495.4575438429447 2573.0161072313895 2519.584639451698 2348.5345299883925 1768.9407994816668
nasnet.tflite,540000000,36.8852,2503.920508304973 4210.385880445703 3357.1056951766595 2603.954111291863 2738.1227657094123 2660.248202031023 2671.5137614250484 2620.544294106 2412.195550016568 2399.1188665237355 1408.8519205901887
nasnet.tflite,608000000,38.4931,2599.9165935743713 2608.191703446127 2470.4758184834673 2514.0571417709684 2543.846180317225 2602.0170014483506 2710.0035817973935 3017.735888329608 2517.5416836651098 2462.6920918398678 2375.970371628404
nasnet.tflite,676000000,35.4127,3097.2457933007936 3095.6066925425785 3549.1926845202 3142.514391574709 3177.237697840779 3051.1787181145774 3699.051997787997 3604.1468501403538 3015.7602736930476 3655.3755574596744
nasnet.tflite,738000000,28.2521,3894.42452147752 4260.741395432815 3206.521807830236 4155.838811823079 5987.866011323757 3959.862946708285 3592.8578600833907 4102.778475190106
nasnet.tflite,778000000,26.7547,3353.2526297056593 4885.840508215781 4732.194159718607 5267.559041753467 4098.852716806796 3544.1660562123857 3945.7596008633836 2696.585014594015
nasnet.tflite,840000000,25.0293,4862.410275739555 3682.0437396972816 4952.309622874103 5115.933118869835 5259.293539168249 5225.616129947965 4102.283353932429
resnet_v2.tflite,315000000,1140.35,1522.2994193316176 166.39818713899064 64.01330621778139 1286.7340571999516 2164.2908283988227 339.5150165024765 66.84819678743924 1440.8539370245928 211.71030559460155 63.618479312617104 1419.8506179866754 1224.2431561426251 63.44072914950832 63.83074023624662 767.3016749203429 1608.9423712485725 59.95693993295852 96.23530752431807 1586.218365526063 64.20744036130333 67.87490910303727 1533.0496540243214 771.3929120809722 63.93313280211753 871.9176804988256 1686.7687565623548 1623.3687859630109 2084.930967340971 1288.3041827006566 1093.2724419251085 62.52529693799348 251.10173753680198 1683.2589983002774 64.32093355161896 64.30799443511987 61.09542187556291 1437.1912597482813 93.34167421456273 62.939946535289714 1568.1289081745367 1033.3551817445962 63.625219459033424 152.33720038795218 1034.0511130858933 1577.8650473754913 61.76282855780744 198.5007644216375 1684.1535791596414 64.76893910108596 61.12324173196559 1521.364001715214 593.7342860154603 65.68866382837695 960.5230005929624 1447.7297449814425 60.5355982399201 66.35491143381057 558.3985712653459 1682.7751192773621 1544.4503943520574 66.35905244408688 246.82222902944855 1684.6253793328901 72.84117241049836 61.119030215797515 1619.313307497326 366.649799978572 69.5535230037739 1010.5052048315681 1654.3552669550727 69.29616797948322 236.61103979168212 1722.97250782385 65.59052378785162 60.27828035876033 1559.632650687037 490.7864051907123 72.95109934055235 960.117419827035 1749.6031180297146 60.32396213468771 182.85345591542892 1676.6182951061044 65.18019837047909 69.82772849735878 1570.940192133245 571.8406866563558 64.4603845856681 1011.9573300761198 1417.7062882114872 61.03083733313501 72.89029479133032 384.0351340851506 1764.4761183764897 60.85993634905274 60.83548724570626 1606.6203101070926 254.65298332908742 72.51363688890946 1179.9212484952368 1556.824186364301 63.73247516634759 63.612995303949916 659.8712137492761 1628.8418454575424 1406.4631114680276 1555.003765245428 1637.4194790349848 1423.87094021205 1443.4023491229061 1882.777944751233 64.09898604985312 70.14330112831696 1719.9817655075346 339.80654854329566 64.99913163332609 1210.3546579040276 1398.6567365963745 63.66169665823495 77.75061839137646 673.9329630250792 1588.5501939276235 61.19575789041582 68.75398768641406 1535.2515554570182 71.75684503125183 71.98630681897879 1474.6056689056531 891.2112806767092 63.972133104829524 603.5155969755193 1879.6596247070286 60.41218685100101 84.42997775039811 1706.5140040965612 371.2872168759148 64.70172695709826 731.3102533706784 1752.9309746368149 60.45529473739808 72.62438071276883 348.97830078394026 1775.9317910618572 66.17655740662933 60.722503721224456 1801.384110071082 265.2579116831779 77.43338301649219 1337.8993730974262 1450.917482715681 71.21249316154615 376.62179823619744 1884.675384961616 60.45319262079503 60.353842716708535 1646.5425589264023 238.46517083883924 71.65010803429841 1653.707819553719 1069.56829420934 63.593295817618504 64.5915239330776 683.2752237729908 1695.7621418091167 68.95865284247957 102.38855888289257 1478.525136599157 82.77189878179763 64.46241543406124 1568.628403549558 970.7422940657917 78.85951346409513 63.86912225443437 1081.504622438604 1540.1106119457017 61.26505587814378 258.9153317401727 1788.275491145019 73.43212317036485 61.32953157527105 1675.409288206307 353.2282116663943 63.72698330959949 1064.984927207809 1540.228042503351 77.83671993381994 274.87849938072264 1754.1073905117728 65.48157438779816 60.53662335627202 1861.7936274113495 1949.717532605435 92.06656166788031 1658.453942526485 454.5886083754052 64.89114862924181 694.1348028380049 1760.2557597591922 61.756194149420324 79.1842254516974 289.21578702241965 1779.6771845142828 64.12694059378593 61.615900534399636 1555.5480529071585 421.2234222728284 71.37295101195392 1218.973087314953 1460.651481033918 60.168538633568545 211.51839082619483 1629.423435088905 64.11269575455118 74.11203639494252 1698.6903207394073 440.53495619969436 63.49256381279537 1132.71882168821 1534.896819517159 60.49062898427512 185.16190032856306 1716.7836942561903 65.02875915301826 61.06616979776578 1807.043159852819 433.5222156213032 62.5814723985567 71.52589801655989 1372.2250299676764 1407.6600703799575 62.94091848626906 63.408859368403974 812.9923248608635 1703.7586662600843 68.64985221913815 87.38562695674332 1506.7243432997361 141.4719667342972 63.14993420416647 60.84216157658773 1745.3771396536433 288.96366923590324 63.77997674580677 63.08422899734257 1462.2807209476173 923.2885753064338 69.61634317376225 554.2247028919752 1668.578085818007 837.3903198406427 60.90022056032516 1558.9883431275673 1214.7463511991 65.50511945655482 584.0998410081345 2514.3911414955546 61.25935691037494 63.94249207970142 288.3086707111449 2396.477587402599 64.1485518263894 60.517493211469024 2386.732178373526 305.6703944012658 64.6818662304343 1397.5296323230737 2179.909133414432 61.017419347044616 224.46686634227788 2504.086935969719 70.67677537354135 61.65157585709337 2334.519737000389 624.5823626886257 64.87459202034123 1124.8841503504793 2193.012141072483 60.93817159933311 130.7500623074626 1894.4745056154898 2547.251851988745 118.28502762715854 1094.0060454083264 1747.5918064413604 67.8952463461898 62.907416180295414 500.1635758459951 2090.9968253068237 62.041524000957935 61.06120743044116 1899.265159976161 141.15599586872747 63.425757553809994 2007.163311444599 887.7195206610531 63.76299747721056 416.9614856765652 2039.794686264464 67.37711262770685 59.68011618410467 1979.8300957166407 333.32846464791965 63.690647193135426 1383.3121586885015 1629.892948142064 65.11009739527715 295.3602808162603 1957.1917463632747 65.48031186917413 60.966246262959125 1245.8947682499506
resnet_v2.tflite,379000000,851.75,2084.8786973392425 707.7756217206982 63.56016756424007 1354.8195435304765 1252.566275547178 64.78324182876828 70.96207271954567 827.1566600127403 2434.7627546682306 60.58909372869904 63.53299855347705 312.4592731117552 1921.2650916078692 64.71599915138314 68.5190388127309 2055.8498451125815 287.02417398288145 62.37604802757377 1158.0185501080828 1160.1091014421388 71.20816495574884 296.62571199604446 2126.6381993644472 64.41240939430152 63.913651842075076 2459.803362626996 1215.7809933309707 1375.774025396737 68.89153895622215 2095.509156648507 185.02036310709906 71.4003106646211 1783.0637194833932 870.8330555693004 67.43597517171015 68.22418337154699 849.3418251606165 1501.686979896692 69.90882062389439 152.69706855860622 2340.5591135390964 121.74158168851257 60.3824157516563 61.22072621190191 2034.5205972250199 253.27942726455967 64.762682776999 60.230462272778034 1746.4226755317388 1886.1381778630246 67.44438546062051 64.42278091536059 1310.000831303998 1201.6644085233424 64.23352273651587 291.92010943679645 1862.7899743903072 280.44710317151004 67.83367554225234 77.7586920251862 2047.0400198404272 165.75308274909756 62.62161464735869 62.23256286332548 1985.1855694561752 335.480447309776 71.94193874437924 1055.3031761793623 1317.8431100105718 60.83482151550156 255.84031830228076 2267.252076218027 207.79042415728534 73.25100486949296 1278.0251658054112 2385.233117519844 65.8413045361533 64.80722483983055 559.0638531947168 1743.9807179826632 70.4063877310791 59.45386493774611 2288.2888327650267 95.22070803052482 63.83593375652478 1705.2725643934118 2513.29507684484 70.87704548669777 100.76787743029624 2046.5100326471945 95.32643758774249 70.35231539052558 1726.9142193907394 491.5885598645393 71.22449697842956 739.6733822940414 1472.4291130828942 60.26950296794166 63.03992465870858 2031.3390556249606 1799.2404983860927 607.7689539094376 150.23770285810977 2202.482455303392 64.44732055663638 67.64353586909172 1820.1921098483856 535.4121489439301 71.92038972756922 698.8837244344923 2495.9120563837937 192.28626449117468 61.671941038285176 1947.7943205371855 579.8973606278531 71.31794234947519 896.9480614748645 1476.8241502523638 60.035862861001426 69.99993225833651 335.2391141301257 2521.211419951656 240.09543704611602 60.256964953253735 1973.5082032062069 214.59611784590143 63.31688053717908 1399.7077767732933 2416.1993781770852 73.45062129919356 307.3069645887779 2176.4370585803636 344.67501224383 60.76532326996016 1981.8816936376993 367.8724024601937 73.16101862293782 1144.6203233211006 1267.4172843527542 64.51431633846403 216.51835388896228 2265.321786538026 261.602751054638 76.81751363533259 61.80471886175756 2160.5671371335307 780.8195130130613 64.4810948032259 61.62772050612555 1905.020642711118 421.69794515288356 64.78548975907484 759.8593077568171 1525.5330594346526 61.75795650862573 64.32920937266208 375.705645594102 2322.9515088518237 206.224468731133 59.538621177581646 2128.513292756367 270.84986063802756 63.84219893553347 1484.685593789694 923.2040873630456 63.89463207378295 380.7749226001036 2363.830842598706 218.91831236931097 60.94477650455501 2187.292708550206 313.0398893781271 64.05648013048338 1223.993339926732 1182.2144895489291 64.93692844259402 281.888713323409 2259.632192331689 428.2393097756453 64.81712583915903 1451.5882076399926 911.5902552003445 63.717390063653795 402.26159290850234 2262.881101896658 230.6704316725293 60.87391927831411 1895.0493776806704 348.5820471696524 62.91556101255052 959.3671801544909 1427.0260822233784 60.01740044764144 2029.1759813890012 1679.442247037257 73.0011342756468 64.55641391833525 2073.935047146191 639.198663362083 161.00563529299896 59.38115964194794 1870.7728675995108 468.03126754103874 63.81783574235841 933.0446968503891 1430.5448949879456 61.33084486242354 157.34245783893863 2454.3956698494576 79.47022065585908 60.54794609069776 61.187381421197664 2568.4564875054098 229.59293924880396 63.96452844848288 1377.6004434976937 1208.9432973400171 2139.060345241942 2070.979170550807 1951.673692827463 2039.5358213112129 2057.2755404896384 2679.3284549067785 2023.138868094834 2055.518679483325 2063.1952870521395 3349.8368408000274 2231.8735655922637 2163.7309931297964 67.01147503708016 71.13861393308684 2223.0026701885677 1001.5941383055917
resnet_v2.tflite,443000000,555.654,2622.1045168075448 2661.630168626234 2473.3404327603157 2215.8678845639283 2336.1270797716147 2228.022182623941 2218.844135103929 2316.3028125852584 2259.01465221929 2226.7858292669016 2286.8710229430862 2262.350390747338 1806.8606393419425 1764.785438466886 2284.069551957289 2522.7101622618766 63.88495109288767 185.92199911321592 2245.9074668046924 284.7286146698402 69.45434497556174 2815.7663764609556 3377.284167657494 67.69678582973643 62.588709559018966 3607.178675508152 872.6774338244244 66.04559622991609 1604.5597164168341 2449.933324362348 297.0606273059515 933.5030009301232 1423.1567195739249 71.64050411722451 152.13967138790372 2454.423897147929 257.79306008902626 62.374981990559725 1967.3924764759759 409.1974519870403 73.05267732049089 824.0367538475728 2611.4028579435894 62.48831732780337 133.15236546191923 2434.955555071537 217.54180583451756 70.33067400560448 67.92135503744808 2262.9248306638724 549.9889903658144 66.01927898678282 1089.3752427524598 2618.432810058777 73.52894152478929 302.64344790157344 2560.497426499497 177.3965333032602 62.102902391145214 2195.648456491882 1049.79345661008 73.39155307910208 1570.093360895807 2153.5601164221575 73.38011528167837 65.30458752899294 598.3956019591668 2618.64572283056 66.37540640706226 62.742291619509686 2198.8905707475515 617.0726730814589 63.56729735171269 1599.587385623294 640.2017080873356 64.5546777694707 591.1999642664821 2587.095424160562 71.61602937243333 60.107523806099685 204.40013627064516 2205.8743221900127 259.3642450001482 61.49471085534197 60.375491500982996 2438.071730500367 383.24026143595006 64.81336346114975 61.1381473907841 1990.731635034362 1483.317610451525 64.01092851375029 71.6348714392888 1490.8295672154325 801.1761724960699 69.1805654699259 349.955899022632 2407.278746457586 187.96231668701614 68.93528598825756 110.9357635435859 2302.160738532183 326.67116366504507 64.90496865551503 60.243821740895505 2234.445109544944 986.9258632699118 63.972441031473295 65.41774734550481 1757.3187728600687 1847.245450262628 64.66046604016329 567.4494891211801 2996.4905475437545 92.37448320715053 64.55460086471028 267.9082560324303 2435.186503246971 209.0908503715556 67.52335207380676 2078.469212127097 1185.7591727977344 274.0222849993852 2049.52003326241 1170.7668715874208 64.99500246258104 863.719172567714 1295.8878966938744 65.34722679182283 2310.1356660932306 2164.439907697413 652.8952402139155 64.81771368294696 923.9574447295029 2631.031114621873 62.2242100378717 64.87108928053857 486.8341414249971 2479.355222205248 148.53722403776155 62.338434891855044 1987.5253329332168 192.85333759692188 64.59571469682076 1508.9680912698984 2297.7549425519883 64.64144249021082 353.84214783522935 2459.729396885452 61.95930912994098 61.44008263579418 963.5170958710775
resnet_v2.tflite,491000000,590.944,2406.930639092987 316.76227294348223 630.9616537763624 2751.1836504303346 62.91125510575761 71.94449129919714 2475.506201089439 233.99842878719136 64.40495975264274 1813.2753931736497 1838.6174679137 65.22663470236235 572.901138611828 2718.183585537183 2276.0178381633373 424.90679180474507 951.4517972355022 2933.8743715593614 63.0304576625015 121.72912287197792 2467.4801833507013 219.39990209003935 64.00129313992065 2050.091741839037 1318.0165314634444 65.85659499907757 498.4257198703215 2752.7983075384227 61.84208369833338 60.95197941117136 2576.3407073353696 255.79171257990276 65.39572130873614 1391.6688740775874 2468.7687582585513 65.67471852722541 258.1329299247279 2667.979825685172 72.03372514354875 61.729143427786376 2215.5097360772443 946.8351962012148 64.69762619468969 70.51874987187121 1716.2189328153738 1970.4356060820317 64.60285837427499 453.7658662257516 3014.0421378037745 61.737044095440105 61.198254508940934 2206.2209360944576 625.3561803620961 64.77700938707393 1411.1416523455043 2353.0541175884337 65.42994315077594 375.6759093325916 2695.9310863907185 78.12869638461308 61.58279626390954 2252.093507395906 743.0158175946532 64.13005407116506 1101.747654528462 2655.6032990085287 60.93233139707849 250.57155283923376 2932.6246553457086 143.9037363742568 62.237500974790024 1989.3310490008907 1359.014725902701 65.1217898992125 74.47682133181341 1961.0542269656407 1822.7632149160588 2751.9209807288175 63.279322665862836 2009.684556256213 1277.7923813927991 64.66856293620475 858.16086485737 2731.7825892218784 61.73219385376831 143.71300426516808 2574.603949716358 336.32772638140034 64.93229170871038 1313.1090604941926 2363.0730800525066 61.96424048990656 222.34292082315952 2569.720693883169 299.71644031091176 64.94398238840627 1155.399255414615 2363.906163293547 62.02887979319285 233.42019947720647 2626.6023689815815 83.56809901297139 61.98693419621006 69.24930074513072 2216.433926959865 1672.5063175139387 2056.4417380988248 78.54977149925473 2391.624570628327 261.44501300600905 72.08477860635182 2029.1837883947683 1325.596303105212 2329.97817462502 234.10260646920702 1320.6275246069451 2376.7347824166554 79.08969944692123 1150.6284916344603 2572.4590825863374 63.2494140968718 170.6574599836746 2507.0729832046513 230.112976858382 70.70768746279462 61.23629294129941 2316.4734800764727 423.7439223992425 64.56286503650979 61.49764904440634 1964.2820651136792 1616.1458388505869 2945.8621396104336 61.508061805066646 2207.2044771002593 1110.4179460974017 65.28859844998941 72.08886281284174 1568.5275204464606 2083.184195937987 64.44125482130872 464.4537756264462 2749.2009279306994 61.68697264235213 62.34647034666782 2357.5251296181978 214.02176424589638 64.52820638504514 1710.0641669553595 2159.990109913384 64.91546701738223 64.94190844680651 788.5778112354292 2581.680894383309 60.88396943850604 64.51304649992215 354.3147719355012 2643.143423534284 61.69355866530828 69.88772383466383 109.71963762169949 578.6767493076152
resnet_v2.tflite,540000000,579.898,2559.8189576200434 192.90563492008562 66.39554313810045 1558.166079460092 2081.4717476205346 66.12796330391924 339.29850939097173 2665.7924394039283 821.6421944522148 65.06705228659806 1943.63133383355 1495.649450908741 65.09576292434497 390.11836786388636 2835.7706279710405 60.78823145815985 61.50316518997793 2356.7583398266884 351.1603667531845 64.96999055174106 1109.0094939460164 2517.8566577008833 64.45051552246406 287.87103000973775 2756.333016471825 64.5393147505094 61.46366748414595 2267.571413372486 723.6892871277338 64.40568239164666 64.06579605660824 1828.2467372351932 1583.6381208432797 64.01326743035479 519.0775559709623 2926.554014549038 60.834744516122605 60.6077573364796 2436.984141158853 219.79342810978937 64.06762793823177 1970.9566422747062 1404.8464563880316 65.04878619817488 64.6932352818302 914.0481361287477 2670.2289435054813 61.578114408064046 256.91421500960837 2830.318379402336 64.91099791179836 68.31550585786695 61.05050841932298 2513.7071195928165 191.81626480954785 72.28808957018794 1702.588491182255 1785.587076430258 179.3288338298519 86.25691844364303 1191.2137474189838 2535.102541764131 69.70305190429639 245.70293810726437 2711.495464330877 71.7960230497407 61.19938570998294 2623.7428017358247 805.5321141883054 72.89216576972971 896.9033324428551 2890.4036794519507 2618.9678690757023 84.10286536409404 1557.1885507500708 2060.6696936677504 74.79748978682098 284.69584829047 2672.703705734856 72.85878747255052 61.934208175524915 2391.419017909825 459.0860175588753 72.66690014448638 1269.505225389849 2309.492639251284 63.88106863677631 317.58981726402334 2744.5619372693614 65.91711150002446 70.5445531125254 2346.0540126840506 474.7099687525334 70.40416366441744 1472.0664639664058 2120.0528530560887 65.46745537579096 306.20796540473333 2801.9178192254035 65.53560340673162 62.29582627193526 2184.4840209470326 734.3364592291855 64.58055829121662 1017.140610795917 2614.2965234683343 2810.677318763237 2566.850587007904 2748.8627361622407 62.57241543790323 119.98825288249884 2676.3438031557134 71.62240576781879 61.35859547991141 69.53183576722166 2415.37133732512 332.63823829094076 64.18005671882528 1395.4452727238356 2404.7897292997145 61.70423179513658 69.78369905234925 2419.6046776487615 417.58034583463734 65.29891498399279 62.86411937703798 2209.547530815296 960.3971027598357 72.961639036872 737.3016033770054 2643.876095270309 67.77095423978025 66.5290424024735 2521.6214876299287 140.42541789590874 72.37976916579339 2046.8784599341911 1241.7043387676565 63.72132375720333 568.1101706842867 2961.947318197958 62.547042809477574 68.99941943894338 2441.8806246686727 2590.5007592267634 67.5506193295205 113.96205288777568 2581.6444597250247 1916.1609363789867 73.91068074653946 301.37116542562825 2793.0984389200985 66.31035087340835 61.88088480562702 2605.819742386017 2468.537080185483 74.62442001030401 377.6890030119244
resnet_v2.tflite,608000000,615.145,3051.335213915751 205.9659828469727 67.0032767026484 2258.467773160477 1442.4398272009496 71.19918110621909 74.22840779279116 673.7305957742872 3110.93113712204 62.69692260254149 77.77087674312679 2704.936990864637 149.17726455823976 65.45747585649022 1713.396753740215 1921.6375928642328 65.39418471788908 366.486293107023 3241.7464568314035 64.16086180014796 61.99032605876221 92.93382491431821 3077.454152954944 73.1959211165585 70.93232057685753 2051.614679067093 1232.5467142667994 65.91480642319598 610.0192633246241 3167.1569258169247 62.99996447986717 65.249564923757 2961.6877304506006 111.5160024414594 64.70696181944773 1921.3246979215044 1575.4532298010329 65.23318287226685 64.96538764070716 1361.9950767378211 2288.4207498253118 62.20746063317466 188.59952624706125 3115.2809582382683 66.15987154766718 62.28178975515785 60.68005696023123 2900.042611296539 227.46490524739534 72.06411049097927 61.03172827426512 2078.4695781801247 1044.4156900608723 64.89547846385233 745.7110949090169 3045.1946118887968 70.96598664145142 64.86339295435593 311.27947945084344 3155.4147377785284 62.39766281275513 61.590747739041916 2901.99764397161 540.1471640007701 65.1693347433303 420.3650481828896 3190.145446762104 63.25144045004298 62.83326760886116 2665.7275870289996 154.48561468652397 64.5523155707012 1636.4432157890992 1916.7139489629972 65.01190898424319 423.18526505456754 3007.1529041507083 248.23876769964866 64.0599088341122 1737.4322430600275 1914.6408427231222 71.09924972814979 539.417333066099 2931.892092564262 62.0686249952431 60.73697622117288 2703.084695259395 272.0347197603071 73.89388511138844 1907.5193638410233 1563.5191743785726 64.76740319903232 549.7217562903762 2946.4328584530485 70.36566320685432 68.17431689991862 189.7029073121678 3074.325589677229 65.27033452695721 60.33395799377129 61.34447000744044 2639.435383044777 193.4190094361622 1070.7210348914339 2467.212010115728 62.679793527630196 151.41015889078992 3631.7004724142776 73.99367534642651 66.65932528525107 2164.1034783604036 1025.440567015934 65.06593151564283 1041.2976731257347 2486.7529762228605 69.91816168056795 102.61425238922969 3073.4500457860895 65.19069127116153 61.887532169585505 61.50786192523111 2800.97132112977 321.34372105883966 69.15866850285384 1247.6886150296436 2407.5436832617206 63.665231733156645 64.57596452218895 634.0103757924825 3105.7422366844544 2199.051401197586 64.84545077101997 2998.0460515316586 2254.1173414259447 61.92258073672526 176.14698130122954 3031.6597990021237 66.50642003065637 62.078085714971216 61.69673925630843 2576.3179258652144 255.5458110546476 70.52143368006871 1672.6655959349298 2021.3959158664788 67.31500251108324 382.7318570901667 3250.3754267119684 62.11509849251977 61.47505025419193 2781.347978715266 276.55486831572983 65.49484103165281 1702.4172359127367 1895.9503262986318 66.08913712987243 360.73615985812893 3208.931052355582 2488.298248031882 307.6194912436143 626.8649786508172 3190.246253749406 62.58657609795092 68.21816862363814 2946.2600980819902 132.98751290573625 64.1440945194904 1154.354161763199
resnet_v2.tflite,676000000,549.335,4149.549398011078 1764.7788569728648 4058.6106020147226 274.78845335906624 66.63450446517115 2273.322616768036 1022.0153583557 67.0693977794006 619.9974266833816 3461.043677984374 71.51410728137921 72.03311486743573 3774.1443731923796 98.96940887968681 65.97818562162927 63.88275747691882 2912.6060276622597 387.79777805791457 66.05497821736579 65.86422867005315 2313.8020449900323 1068.9659554770883 66.95020572722086 414.56115391082636 4120.395312040477 62.87420095315257 62.190859456817876 157.57819080078085 4360.245469406107 66.70476688857417 69.50871591360638 69.61714287555763 3370.5166177508877 222.11170278312184 64.08024119836521 62.40911165766076 2565.3403076221025 612.0880364955551 73.85407823939875 785.8578555805612 3184.931212078146 61.840126408875896 94.2125148853102 4157.667001700028 74.15989992085296 73.9698621377024 2603.8456709375755 3429.007940671969 62.07877669313986 110.87629058664878 4221.352156017082 66.37978395072955 72.99981416516707 60.056271642789746 3471.063528380847 279.0625960266717 65.29227655910974 1027.0625800267915 2717.2899585691307 70.80539398354718 275.55748551078636 4244.993271157655 66.09032199420518 68.21961693625605 3199.768721886457 307.9769751525936 73.97975967881248 1115.4514310772336 2552.0262915202784 66.47616929903789 4112.562364180592 120.07626042536214 65.00717893801519 2447.5677806702756 878.7967230154427 65.27891774757332 373.31382700969414 3904.652212898467 62.789074128490974 61.60128448541554 135.78066630985083 4296.645035590678 72.21143267265069 68.94687980781923 2565.867748088966 606.3669284182781 64.8284264980922 748.6870856970052 3230.272227429479 62.047013837293164 108.0532352478958 4260.903537624628 66.21697113859842 61.90622753362461 3121.248801953869 578.4386517131497 73.57630301635388 658.0207815139253 3144.271103714189 62.10150849742797 64.97007477824683 293.456052293608 4242.926140351344 65.74441330640379 70.7547269840024 71.48460074620566 4477.243226039714 108.14541398006598 82.28138281895674 2013.530640610016 1473.9508754960063 73.04188541199912 64.57249352627022 905.3929181166827 2948.169101894007 69.88678889010068 164.36586557823352 4206.347580851537 74.63585255496277 1962.341835397118 4051.262342422357 92.69266468751334 62.196853106848295 2510.3807835436273 823.7905719633653 74.64418917673757 64.07690509750006 1036.0151785358178 2566.0041390091187 69.26072852384121 258.50015212082184 4696.265603846469 75.50871838111149 62.83250766111858 3160.72338141884 345.56499064974497 65.00410764106647 66.52986036145886 2090.007878561117 1370.0274527822028 65.4711810101789 450.82377443232974 3241.812452334139 64.53534696157173 62.837886778960524 3745.8628311443863 3263.821308806517 4260.6811120800885 4102.092785359473 2451.812195990769
resnet_v2.tflite,738000000,519.758,4868.954099396515 213.26891940316568 67.6925736957568 70.47506715148307 3429.196383893201 478.174618677208 369.86682303973225 3871.5973703158897 62.81980896945721 62.53613557084612 4806.172053295189 242.44411611245528 66.7203727203626 1871.4310032453554 1644.0525189512184 67.35917508155113 65.50526560556867 832.3665490722619 3032.6087568422236 68.90051669837196 137.9091816156871 4934.983667838681 67.15491309678723 156.88181726699992 3691.101781721824 5007.785322156863 265.3354419077651 776.1938372661403 4892.7195346593135 63.63383103110495 66.6305932575755 306.7844004324695 4991.811078749206 187.74859046725553 75.31938047490736 2036.8553528855268 1587.0940234644208 66.26603299120639 290.02726747015237 4316.876124291952 66.13502184513925 70.58558452639697 3782.582132928345 354.58545453410096 65.60816988740521 1507.603606382709 2019.5380507562272 65.54982451716143 281.44892158923716 4467.383325204463 65.68250542269702 60.70011551186593 4484.5377969045185 301.85832825636777 66.03678212732503 2311.418251474887 1119.1249589880292 72.89548922384449 297.1987147889234 4957.2736083211375 66.76432408678704 63.6551497111808 3814.4928999231443 286.8722089007886 66.60443907268875 1487.1881746154584 2059.5548381142394 63.68054140159107 256.4420943381686 4490.034859118948 65.8704879439225 69.72653092207943 3761.696615643541 319.6636994924022 67.03248405978957 1802.791608250163 1743.719402354807 63.63080013318386 5440.942757290788 595.2236306681784 66.55931937389421 816.9486918249944 4911.965321533383 76.0310244065569 63.89954391107492 3746.6339438876794 441.46776730847796 65.92748116545184 822.4495982525418 2773.9730979396263 78.40864020036203 112.28712627184986 4706.12192745035 71.41760599577003 62.86265683781112 2936.7735103410723 526.6918353232909 73.69108781001941 66.59566563469237 2036.9579908417616 1430.033762391965 65.7994952651095 297.52908540367986 3873.780297471559 3969.7967763381616 366.5839305307011 502.6654947332794 3708.443023028345 62.02488361752293 63.05851312596353 4365.543289764586 182.81547466608265 67.66582536890108 2046.2381544838745 1305.7226293374301 65.77445135150464 448.9723651757639 5078.534579073222 4703.944420144449 200.7219778142871 759.9030946556987 2499.0244856931367 64.47894242589146 99.80918435006761 4850.720939719473 65.16810481252304 65.87670948156321 2907.0926414816768 618.5615031410454 66.69074217755244 727.9195008225383 3020.0121907412513 68.87939717712271 66.10856152922545 4692.73212646998 97.85300101577492 66.78879493609836 2471.0688125944002 783.1067630454703 65.48321123743872 597.5167289932916 3158.530443731845
resnet_v2.tflite,778000000,387.702,5322.500704532801 188.52837396315695 73.99316771691595 2324.199641339532 909.0561005245315 66.99039131643889 66.18284272080365 924.5496120497037 2770.22967111338 63.49122175530059 65.96647046004256 320.2339766991691 4404.252918281482 62.75064433255743 60.77600435901268 4380.648237729726 272.872480908319 65.70482115437548 1563.4402162643619 5235.590983340234 1322.4970947606125 329.5705908768325 4827.091488889161 66.36380769131924 63.82679412099354 4395.996828450441 271.3180222438513 67.1728187201589 2086.779727444151 1426.685064873689 73.56420816838892 65.57729412011012 644.3231931071391 2943.5470201341886 63.66680008725191 77.43375969911484 5340.508706536787 66.60108582020041 64.876035909092 3790.0232864091436 2113.3941081689863 63.11280041293802 123.65713221250232 5597.109013073328 79.85459056947985 1574.8432333834141 1888.9268056757517 67.7834282693232 66.56168409010839 701.549679686988 3138.990370521166 62.70922631734045 66.56630581392275 282.82798171054577 5015.952658771657 66.65795504771373 62.01667296295403 3690.541177365866 383.94969187577846 66.74393246493551 929.350710651786 2720.565692853305 64.52875639415154 195.08932550575923 5253.214269771188 66.22044170139755 63.16127448485911 3568.352933919727 414.44674661845653 67.1812539193734 1668.7027984406377 4110.837681618751 64.31156438491575 66.06175952093446 435.2912181336198 5622.097677811743 5298.334532920322 5447.475942308286 5417.0630341087 5336.881829713283 5432.538941597257 5539.590469061158 4793.959845508569 5387.419228926355 5468.582077293741 5376.236045490622 5409.215575311492 5643.845128810474 235.2756987778889 73.06583113929824 2828.940308759522 3391.8290145193882 74.5481031224842 358.3510314702074 4507.214336349181 75.29078202710805 66.43821170988352 4542.264051846841 2146.977650823957 1102.0890953340572 67.01195532417428 5586.126853942036 148.93144666008683 78.55250098888766 64.73100931130507 3767.0367385192694
resnet_v2.tflite,840000000,532.129,6083.343975606684 189.59893516878657 75.22172243098541 2755.1019148039964 705.9197835971678 74.54797736119734 491.45694416854786 6346.834482027096 65.08116890966724 73.18301062165519 6206.3121728414235 160.30738560812907 76.03116103026018 2474.244096948837 758.7725484117641 66.43106126840752 539.5704226836768 5889.788725998152 65.19937514593141 73.10970626884443 5381.487381163747 3621.569785096583 64.93317020738615 135.12883240816728 6217.803424034698 69.13057896493845 73.01232749088906 63.001088967320264 5589.076121639679 263.3422371006276 66.29129191297471 1259.6714248087253 1976.9524497345476 76.8236916533695 66.69046949483038 604.6528502854031 3759.5588228599995 66.01823099513057 67.2959907041554 271.41339899333286 5447.128579976332 66.89522301452106 69.92356164327221 5287.034354728761 754.6627377031398 66.5475118411764 321.63934082084006 6254.714624226766 67.25434533088406 63.907363726991804 5563.530543913394 280.3550477300777 129.11993619962166 1503.4030599716339 1783.3195518441798 67.08962347281215 74.2671256675415 624.3663912671783 3713.9876481315737 65.03164986382598 65.27835701417018 309.9927489304959 5035.918299122199 67.61031902422005 64.10803683495242 69.17946590092139 6012.390938667353 67.68605735829091 74.83113048967823 63.89394332739664 5627.596278351569 274.7887294924147 66.98196004702444 66.18410192737144 2664.6677811733903 1046.2571333375015 3912.9545112993846 64.89959303962581 3901.9744639174737 471.4304641002886 67.52994753203878 66.58286612181506 2372.144686004151 879.6886161896043 67.16374782043312 388.6570226639875 6557.920127181796 64.83986398764483 64.45570100062714 4957.440796185092 265.81623453831116 67.54483788950768 1502.3815619036657 1840.0467723002969 73.63235797025033 66.42813297329438 639.9993232212023 3882.9210266540395 63.6117744376458 68.89136103508925 5365.417653971145 131.45679160755026 67.21572608327052 2466.2514392785815 813.9590554190728 66.97946374939585 72.95040789878817 878.0424015022965 5301.101810557589 64.07088299851107 84.83931431004642 5912.895765641471 4805.93041690519 1373.4773929237292 214.14350583314473 6212.537448285163 69.2250125124419 72.46454234159701 63.45660021312223 5512.550915129662 223.89759068191205 67.1953706920516 69.88963458816522 4134.636225277378 1630.796732171796 68.33843755953244 982.7710403078327 2488.556984853583 64.75486573296034 180.5156008108817 5580.769418627915 66.52256278300905 62.89167435625108 4487.412278204941 380.769479637406 67.30931125134714 1688.1108049344796 4550.436659048807 65.8398215811726 63.52418027432551 63.73692031100874 5704.545876639 134.90673167754187 65.9403045776866 3044.1953220540145
yamnet.tflite,315000000,10.6983,1258.0821384763613 1202.9074196050328 1529.4322537743435 808.0617227903942
yamnet.tflite,379000000,9.4763,1708.8044423875617 1615.2801081572409 1801.1002788765359
yamnet.tflite,443000000,8.80259,1408.0718996202638 1451.4701580617516 1023.2267169566087
yamnet.tflite,491000000,8.62128,1483.7537126681577 1351.548067616255 1026.5962383184544
yamnet.tflite,540000000,6.0798,1997.7945215001773 2235.3092545800305
yamnet.tflite,608000000,8.24642,1549.8095346090813 1613.9772690717948 1026.762481688247
yamnet.tflite,676000000,6.49197,2033.6739995023302 2512.2483484721793
yamnet.tflite,738000000,4.7776,2502.612002491053 1755.5774923168763
yamnet.tflite,778000000,4.3539,2881.899073998515 1079.4144586657155
yamnet.tflite,840000000,4.25998,2914.21681152907 1056.0527995998514
